sales_order,customer_name,business_partner_id,customer_reference,document_date,requested_delivery_date,requested_lead_days,overall_status,net_value_eur
709,The Bike Zone 771,1004142,771,2026-03-27,2026-04-27,31,Open,20092.5
708,The Bike Zone 438,1003481,438,2026-03-01,2026-04-01,31,Completed,20092.5
706,The Bike Zone 409,1003632,409,2026-02-28,2026-03-07,7,Completed,12000.0
705,The Bike Zone 384,1003629,384,2026-02-28,2026-03-07,7,In Process,12000.0
704,The Bike Zone239,1004124,239,2026-02-28,2026-03-07,7,Completed,12000.0
703,The Bike Zone 372,1003884,372,2026-02-28,2026-03-07,7,Completed,12000.0
702,The Bike Zone 372,1003884,372,2026-02-28,2026-03-07,7,Completed,12000.0
701,The Bike Zone 401,1003844,401,2026-02-28,2026-03-07,7,Completed,12000.0
700,The Bike Zone 376,1003979,376,2026-02-28,2026-03-06,6,Completed,12000.0
699,The Bike Zone 165,1003387,387,2026-02-28,2026-03-14,14,Completed,12000.0
698,The Bike Zone 352,1003837,352,2026-02-28,2026-03-09,9,Completed,12000.0
697,The Bike Zone 404,1003834,404,2026-02-28,2026-03-07,7,Completed,12000.0
696,The Bike Zone 380,1003857,380,2026-02-28,2026-03-08,8,Completed,12000.0
695,The Bike Zone 352,1003837,352,2026-02-28,2026-03-07,7,Open,12000.0
694,The Bike Zone 380,1003857,380,2026-02-28,2026-02-28,0,Completed,12000.0
693,The Bike Zone 360,1003814,360,2026-02-28,2026-03-07,7,Completed,12000.0
692,The Bike Zone 400,1003626,400,2026-02-28,2026-03-07,7,Completed,12000.0
691,The Purple Zone 390,1004120,390,2026-02-28,2026-02-28,0,Not Relevant,0.0
690,The Bike Zone 402,1003607,402,2026-02-28,2026-03-07,7,Completed,12000.0
689,The Bike Zone 355,1003832,355,2026-02-28,2026-03-07,7,Completed,12000.0
688,The Bike Zone 397,1003821,397,2026-02-28,2026-03-07,7,Completed,12000.0
687,The Bike Zone 399,1003789,399,2026-02-28,2026-03-07,7,Completed,12000.0
686,The Bike Zone 379,1003849,379,2026-02-28,2026-03-07,7,Completed,12000.0
685,The Bike Zone 369,1003796,369,2026-02-28,2026-03-07,7,Completed,12000.0
684,The Bike Zone 393,1003712,393,2026-02-28,2026-03-07,7,Completed,12000.0
683,The Bike Zone 381,1003825,381,2026-02-28,2026-03-07,7,Completed,12000.0
682,The Bike Zone 394,1003818,394,2026-02-28,2026-03-07,7,Completed,12000.0
681,The Bike Zone 377,1003810,377,2026-02-28,2026-03-07,7,Completed,12000.0
680,Philly Bikes,127376,376,2026-02-28,2026-04-06,37,In Process,6080.0
679,Philly Bikes,127218,218,2026-02-28,2026-04-10,41,Completed,3040.0
678,The Bike Zone 213,1003934,213,2026-02-27,2026-04-10,42,Completed,3200.0
677,Philly Bikes,127007,201,2026-02-27,2026-04-10,42,Completed,3000.0
676,The Bike Zone 218,1004099,218,2026-02-27,2026-03-13,14,Completed,6400.0
675,Philly Bikes,127004,201,2026-02-27,2026-02-27,0,Not Relevant,0.0
674,The Bike Zone 232,1003812,232,2026-02-27,2026-03-06,7,Completed,6400.0
673,The bike Zone #219,1003943,order3,2026-02-27,2026-03-13,14,Open,6000.0
672,The Bike Zone 201,1003925,201,2026-02-27,2026-02-27,0,Completed,6000.0
671,Philly Bikes,127218,218,2026-02-27,2026-02-27,0,Completed,9000.0
670,Philly Bikes,127210,210,2026-02-27,2026-04-10,42,Completed,5700.0
669,The Bike Zone 213,1003934,213,2026-02-27,2026-03-13,14,Completed,6400.0
668,The Bike Zone 226,1003957,Order 2,2026-02-27,2026-02-27,0,Completed,9000.0
667,The Bike Zone 210,1003758,210,2026-02-27,2026-02-27,0,Completed,6000.0
666,Philly Bikes,127249,249,2026-02-27,2026-04-10,42,Completed,3040.0
665,Philly Bikes,127202,PHB202-04,2026-02-27,2026-04-10,42,Completed,21850.0
664,Philly Bikes,127001,201,2026-02-27,2026-03-27,28,Completed,9000.0
663,Philly Bikes,127232,232,2026-02-27,2026-03-27,28,Completed,9000.0
662,Philly Bikes,127000,251,2026-02-27,2026-04-10,42,Open,3040.0
661,The Bike Zone 226,1003957,ORDER 4,2026-02-27,2026-02-27,0,Completed,6000.0
660,The Bike Zone 371,1003731,371,2026-02-27,2026-03-06,7,Completed,5600.0
659,Philly Bikes,127210,210,2026-02-27,2026-02-27,0,Completed,9000.0
658,The Bike Zone 202,1003960,BZ202-Q3,2026-02-27,2026-03-13,14,Completed,46000.0
657,The Bike Zone 359,1003847,359,2026-02-27,2026-03-06,7,Completed,12000.0
656,The Bike Zone 202,1003960,BZ202-Q3,2026-02-27,2026-03-13,14,Open,6400.0
655,The Bike Zone 218,1004099,218,2026-02-27,2026-03-06,7,Completed,12000.0
654,Philly Bikes,127202,PHB202,2026-02-27,2026-03-27,28,Completed,65550.0
653,The Bike Zone 249,1003911,249,2026-02-27,2026-03-13,14,Completed,6400.0
652,The Bike Zone 385,1003725,385,2026-02-27,2026-03-06,7,Completed,12000.0
651,The Bike Zone 226,1003957,Order 3,2026-02-27,2026-03-13,14,Completed,6000.0
650,The Bike Zone 385,1003725,385,2026-02-27,2026-03-06,7,Completed,12000.0
649,Philly Bikes,127000,013,2026-02-27,2026-03-29,30,Completed,4200.0
648,The Bike Zone 202,1003960,PO202,2026-02-27,2026-02-27,0,Completed,12000.0
647,The Bike Zone 202,1003960,PO202,2026-02-27,2026-02-27,0,Open,12000.0
646,The Bike Zone 231,1003909,231,2026-02-27,2026-04-10,42,Completed,3040.0
645,Philly Bikes,127204,204,2026-02-27,2026-04-10,42,Completed,3040.0
644,Philly Bikes,127212,212,2026-02-27,2026-04-10,42,Completed,3040.0
643,Philly Bikes,127259,259,2026-02-27,2026-04-10,42,Completed,3040.0
642,Philly Bikes,127231,231,2026-02-27,2026-02-27,0,Open,3040.0
641,The Bike Zone 256,1003757,256,2026-02-27,2026-02-27,0,Completed,12000.0
640,The Bike Zone 231,1003909,231,2026-02-27,2026-03-13,14,Completed,6000.0
639,Philly Bikes,127256,256,2026-02-27,2026-03-27,28,Completed,3040.0
638,Philly Bikes,127231,231,2026-02-27,2026-03-27,28,Completed,9000.0
637,The Bike Zone 204,1003933,204,2026-02-27,2026-03-13,14,Completed,6400.0
636,The  Bike Zone 259,1003784,259,2026-02-27,2026-03-13,14,Completed,6400.0
635,The Bike Zone 212,1003881,212,2026-02-27,2026-03-13,14,Completed,6400.0
634,The bike Zone #219,1003943,Order1,2026-02-27,2026-03-06,7,Completed,12000.0
633,The Bike Zone 201,1003925,201,2026-02-27,2026-03-06,7,Completed,12000.0
632,Philly Bikes,127211,211,2026-02-27,2026-04-10,42,Open,3200.0
631,Philly Bikes,127258,258,2026-02-27,2026-04-10,42,Open,3040.0
630,Philly Bikes,127212,212,2026-02-27,2026-03-13,14,Open,6400.0
629,Philly Bikes,127211,211,2026-02-27,2026-04-10,42,Open,3200.0
628,Philly Bikes,127258,258,2026-02-27,2026-04-10,42,Open,3200.0
627,Philly Bikes,127258,258,2026-02-27,2026-04-10,42,Completed,3040.0
626,Philly Bikes,127216,258,2026-02-27,2026-04-10,42,Completed,3040.0
625,Philly Bikes,127256,2/27/26,2026-02-27,2026-03-27,28,Open,3200.0
624,The Bike Zone 244,1003791,244,2026-02-27,2026-03-06,7,Completed,12000.0
623,The Bike Zone 258,1003774,258,2026-02-27,2026-02-27,0,Completed,6400.0
622,The Bike Zone 256,1003757,256,2026-02-27,2026-03-13,14,Completed,6400.0
621,Philly Bikes,127255,255,2026-02-27,2026-04-10,42,Completed,3040.0
620,Philly Bikes,127545,PHILLY4,2026-02-27,2026-04-10,42,Completed,3040.0
619,Philly Bikes,127545,PHILLY4,2026-02-27,2026-04-10,42,Open,3040.0
618,Philly Bikes,127237,237,2026-02-27,2026-04-10,42,Completed,3040.0
617,Philly Bikes,127259,259,2026-02-27,2026-03-13,14,Open,6400.0
616,Philly Bikes,127248,248,2026-02-27,2026-04-10,42,Completed,3040.0
615,The Bike Zone 213,1003934,213,2026-02-27,2026-03-27,28,Completed,9000.0
614,Philly Bikes,127237,237,2026-02-27,2026-04-10,42,Open,3040.0
613,The Bike Zone 240,1003744,Order 1,2026-02-27,2026-03-06,7,Open,12000.0
612,The  Bike Zone 259,1003784,259,2026-02-27,2026-03-13,14,Open,6400.0
611,Philly Bikes,127237,237,2026-02-27,2026-04-10,42,Open,3040.0
610,The Bike Zone 240,1003744,Order 1,2026-02-27,2026-03-06,7,Open,12000.0
609,Philly Bikes,127237,237,2026-02-27,2026-04-10,42,Open,3040.0
608,Philly Bikes,127237,237,2026-02-27,2026-04-10,42,Open,3040.0
607,The Bike Zone 243,1003938,243,2026-02-27,2026-03-06,7,Completed,12000.0
606,The Bike Zone 243,1003938,243,2026-02-27,2026-03-06,7,Open,12000.0
605,The Bike Zone 248,1003745,248,2026-02-27,2026-03-13,14,Completed,6400.0
604,The Bike Zone 243,1003938,243,2026-02-27,2026-03-06,7,Open,12000.0
603,Philly Bikes,127259,259,2026-02-27,2026-03-27,28,Completed,9000.0
602,Philly Bikes,127242,UR,2026-02-27,2026-04-09,41,Completed,3040.0
601,The Bike Zone 238,1003769,238,2026-02-27,2026-04-10,42,Completed,3040.0
600,Philly Bikes,127001,201,2026-02-27,2026-03-06,7,Completed,12000.0
599,Philly Bikes,127259,259,2026-02-27,2026-03-27,28,Completed,9000.0
598,Philly Bikes,127258,258,2026-02-27,2026-03-27,28,Completed,9000.0
597,Philly Bikes,127232,232,2026-02-27,2026-03-27,28,Completed,12000.0
596,The Bike Zone 213,1003934,213,2026-02-27,2026-03-06,7,Completed,12000.0
595,The Bike Zone 238,1003769,238,2026-02-27,2026-03-27,28,Completed,6400.0
594,Philly Bikes,127231,231,2026-02-27,2026-03-27,28,Open,9000.0
593,Philly Bikes,127204,204,2026-02-27,2026-03-27,28,Completed,9000.0
592,The Bike Zone 237,1003762,237,2026-02-27,2026-03-13,14,Completed,6400.0
591,Philly Bikes,127233,233,2026-02-27,2026-04-10,42,Completed,3040.0
590,Philly Bikes,127212,212,2026-02-27,2026-03-27,28,Completed,9000.0
589,The Bike Zone 213,1003934,213,2026-02-27,2026-03-06,7,Not Relevant,0.0
588,The Bike Zone 233,1003905,*233,2026-02-27,2026-03-13,14,Completed,6400.0
587,Philly Bikes,127203,203,2026-02-27,2026-04-10,42,Completed,3040.0
586,The Bike Zone 231,1003909,231,2026-02-27,2026-02-27,0,Completed,12000.0
585,The Bike Zone 220,1003923,220,2026-02-27,2026-02-27,0,Completed,12000.0
584,The Bike Zone 255,1003869,255,2026-02-27,2026-03-13,14,Completed,6400.0
583,Philly Bikes,127000,251,2026-02-27,2026-03-27,28,Open,9000.0
582,Philly Bikes,127237,237,2026-02-27,2026-03-27,28,Completed,9000.0
581,Philly Bikes,127206,206,2026-02-27,2026-04-10,42,Completed,3040.0
580,The Bike Zone 216,1003918,216,2026-02-27,2026-03-13,14,Completed,6400.0
579,The Bike Zone 238,1003769,238,2026-02-27,2026-03-27,28,Completed,9000.0
578,The Bike Zone 204,1003933,204,2026-02-27,2026-03-27,28,Completed,12000.0
577,Philly Bikes,127237,237,2026-02-27,2026-02-27,0,Open,0.0
576,The Bike Zone 213,1003934,213,2026-02-27,2026-03-06,7,Completed,12000.0
575,Philly Bikes,127225,225,2026-02-27,2026-02-27,0,Completed,3040.0
574,The Bike Zone 364,1003808,364,2026-02-27,2026-03-06,7,Completed,12000.0
573,The Bike Zone 220,1003923,220,2026-02-27,2026-02-27,0,Not Relevant,0.0
572,The Bike Zone 258,1003774,258,2026-02-27,2026-03-06,7,Completed,12000.0
571,The Bike Zone 213,1003934,213,2026-02-27,2026-03-06,7,Completed,12000.0
570,The Bike Zone 217,1003926,217,2026-02-27,2026-03-06,7,In Process,24000.0
569,The bike Zone #219,1003943,02/27/26,2026-02-27,2026-02-27,0,Not Relevant,0.0
568,Philly Bikes,127233,233,2026-02-27,2026-03-27,28,Completed,9000.0
567,The Bike Zone 220,1003923,220,2026-02-27,2026-02-27,0,Not Relevant,0.0
566,Philly Bikes,127255,255,2026-02-27,2026-03-27,28,Completed,9000.0
565,The Bike Zone 256,1003757,256,2026-02-27,2026-03-27,28,Completed,9000.0
564,Philly Bikes,127246,246,2026-02-27,2026-04-10,42,Completed,3040.0
563,Philly Bikes,127211,211,2026-02-27,2026-03-27,28,Completed,9000.0
562,Philly Bikes,127259,259,2026-02-27,2026-03-07,8,Completed,12000.0
561,Philly Bikes,127252,252,2026-02-27,2026-04-10,42,Completed,3040.0
560,The Bike Zone 203,1003766,203,2026-02-27,2026-03-13,14,Completed,6400.0
559,Philly Bikes,127223,223,2026-02-27,2026-04-10,42,Completed,2888.0
558,The Bike Zone 210,1003758,210,2026-02-27,2026-03-06,7,Completed,12000.0
557,The Bike Zone 075,1003258,258,2026-02-27,2026-03-06,7,Completed,12000.0
556,Philly Bikes,127212,212,2026-02-27,2026-03-07,8,Completed,12000.0
555,The Bike Zone 246,1003737,246,2026-02-27,2026-02-27,0,Completed,6400.0
554,The Bike Zone 206,1003861,206,2026-02-27,2026-03-13,14,Completed,6400.0
553,Philly Bikes,127223,223,2026-02-27,2026-04-10,42,Open,3200.0
552,The Bike Zone 256,1003757,256,2026-02-27,2026-02-23,-4,Open,12000.0
551,The bike Zone #219,1003943,02/27/26,2026-02-27,2026-03-06,7,Completed,12000.0
550,Philly Bikes,127249,249,2026-02-27,2026-03-27,28,Completed,9000.0
549,The bike Zone #219,1003943,219,2026-02-27,2026-02-27,0,Not Relevant,0.0
548,The Bike Zone 213,1003934,213,2026-02-27,2026-03-06,7,Completed,12000.0
547,The Bike Zone 227,1003919,227,2026-02-27,2026-03-06,7,Completed,12000.0
546,The Bike Zone 213,1003934,213,2026-02-27,2026-03-06,7,Completed,12000.0
545,The Bike Zone 222,1003964,The Bike Zone 222,2026-02-27,2026-03-06,7,Completed,12000.0
544,The Bike Zone 362,1003785,362,2026-02-27,2026-03-06,7,Completed,12000.0
543,The Bike Zone 226,1003957,226,2026-02-27,2026-03-05,6,Completed,12000.0
542,The Bike Zone 237,1003762,237,2026-02-26,2026-03-05,7,Completed,12000.0
541,Philly Bikes,127207,207,2026-02-26,2026-04-09,42,Completed,3195.0
540,The Bike Zone 251,1003914,251,2026-02-26,2026-03-07,9,Completed,12000.0
539,The Bike Zone 251,1003914,251,2026-02-26,2026-03-07,9,Open,12000.0
538,The Bike Zone 251,1003914,PO251,2026-02-26,2026-02-26,0,Open,12000.0
537,The Bike Zone 251,1003914,,2026-02-26,2026-02-26,0,Open,12000.0
536,The Bike Zone 242,1003998,UI,2026-02-26,2026-03-12,14,Completed,6400.0
535,The Bike Zone 375,1003659,375,2026-02-26,2026-03-06,8,Completed,12000.0
534,The Bike Zone 375,1003659,Aaleyah Washington,2026-02-26,2026-02-26,0,Open,12000.0
533,The Bike Zone 351,1003616,351,2026-02-26,2026-03-05,7,Completed,12000.0
532,The Bike Zone 378,1003546,378,2026-02-26,2026-03-05,7,Completed,12800.0
531,The Bike Zone 405,1004073,405,2026-02-26,2026-03-05,7,Completed,12000.0
530,The Bike Zone 210,1003758,210,2026-02-26,2026-02-26,0,Not Relevant,0.0
529,Philly Bikes,127241,241,2026-02-26,2026-04-09,42,Completed,3040.0
528,The Bike Zone 241,1003921,241,2026-02-26,2026-03-12,14,Completed,6400.0
527,Philly Bikes,127241,241,2026-02-26,2026-03-26,28,Completed,9000.0
526,Philly Bikes,127216,216,2026-02-26,2026-03-26,28,Completed,9000.0
525,The Bike Zone 241,1003921,241,2026-02-26,2026-03-05,7,Completed,12000.0
524,The Bike Zone 383,1003734,*383,2026-02-26,2026-02-26,0,Completed,12000.0
523,The Bike Zone 233,1003905,233,2026-02-26,2026-03-05,7,Completed,12000.0
522,The Bike Zone 365,1003683,365,2026-02-26,2026-03-05,7,Completed,12000.0
521,The Bike Zone 237,1003762,237,2026-02-26,2026-03-05,7,Completed,12000.0
520,The Bike Zone 237,1003762,237,2026-02-26,2026-03-05,7,Completed,12000.0
519,The Bike Zone 237,1003762,237,2026-02-26,2026-03-05,7,Open,12000.0
518,The Bike Zone 237,1003762,237,2026-02-26,2026-03-05,7,Open,12000.0
517,The Bike Zone 237,1003762,237,2026-02-26,2026-03-05,7,Open,12000.0
516,The Bike Zone 237,1003762,237,2026-02-26,2026-03-05,7,Open,12000.0
515,The Bike Zone 362,1003785,10000583,2026-02-26,2026-03-05,7,Completed,12000.0
514,The Bike Zone 398,1003806,398,2026-02-26,2026-03-05,7,Completed,12000.0
513,Philly Bikes,127235,235,2026-02-26,2026-04-09,42,Completed,3040.0
512,Philly Bikes,127235,235,2026-02-26,2026-04-09,42,Open,3200.0
511,Philly Bikes,127235,235,2026-02-26,2026-04-09,42,Completed,3200.0
510,The Bike Zone 216,1003918,216,2026-02-26,2026-03-05,7,Completed,12000.0
509,Philly Bikes,127203,203,2026-02-26,2026-03-26,28,Completed,9600.0
508,Philly Bikes,127001,204,2026-02-26,2026-03-06,8,Completed,3000.0
507,Philly Bikes,127247,Order 4,2026-02-26,2026-04-09,42,Completed,3040.0
506,The Bike Zone 247,1003750,Order 3,2026-02-26,2026-03-12,14,Completed,6400.0
505,The bike zone 358,1003800,358,2026-02-26,2026-03-05,7,Completed,12000.0
504,Philly Bikes,127236,236,2026-02-25,2026-04-08,42,Completed,3040.0
503,The Bike Zone 203,1003766,203,2026-02-25,2026-03-04,7,Completed,12000.0
502,The Bike Zone 236,1003889,236,2026-02-25,2026-03-11,14,Completed,6400.0
501,Philly Bikes,127403,*403,2026-02-25,2026-04-17,51,In Process,6080.0
500,The Bike Zone 203,1003766,1003766,2026-02-25,2026-03-04,7,Completed,12000.0
499,Philly Bikes,127248,248,2026-02-25,2026-03-25,28,Completed,9000.0
498,The Bike Zone 368,1003357,368,2026-02-25,2026-03-04,7,Completed,12000.0
497,Philly Bikes,127500,229,2026-02-25,2026-04-08,42,Completed,3040.0
496,The Bike Zone 368,1003357,368,2026-02-25,2026-03-04,7,Completed,12000.0
495,Philly Bikes,127242,UT,2026-02-25,2026-03-25,28,Completed,9000.0
494,The Bike Zone 373,1003915,373,2026-02-25,2026-03-03,6,Completed,12000.0
493,The Bike Zone 368,1003357,368,2026-02-25,2026-02-25,0,Not Relevant,0.0
492,The Bike Zone 229,1003733,229,2026-02-25,2026-03-04,7,Completed,6400.0
491,Philly Bikes,127247,order 2,2026-02-25,2026-03-25,28,Completed,9000.0
490,Philly Bikes,127500,229,2026-02-25,2026-03-25,28,Completed,9000.0
489,Philly Bikes,127252,252,2026-02-25,2026-04-08,42,Completed,3200.0
488,The Bike Zone 242,1003998,UT,2026-02-25,2026-03-04,7,Completed,12000.0
487,The Bike Zone 252,1003868,252,2026-02-25,2026-03-11,14,Completed,6400.0
486,Philly Bikes,127207,207,2026-02-25,2026-04-08,42,Open,3200.0
485,The Bike Zone 207,1003954,207,2026-02-25,2026-03-11,14,Completed,6400.0
484,The Bike Zone 242,1003998,242,2026-02-25,2026-03-04,7,Completed,12000.0
483,Philly Bikes,127215,215,2026-02-25,2026-04-08,42,Completed,3040.0
482,Philly Bikes,127225,225,2026-02-25,2026-04-08,42,Completed,3200.0
481,The Bike Zone 242,1003998,242,2026-02-25,2026-03-04,7,Open,12000.0
480,The Bike Zone 236,1003889,236,2026-02-25,2026-03-11,14,Completed,9600.0
479,The Bike Zone 235,1003878,235,2026-02-25,2026-03-11,14,Completed,6400.0
478,The Bike Zone 215,1003765,215,2026-02-25,2026-03-11,14,Completed,6400.0
477,The Bike Zone 225,1003773,225,2026-02-25,2026-03-11,14,Completed,6400.0
476,Philly Bikes,127254,254,2026-02-25,2026-02-25,0,Completed,3040.0
475,Philly Bikes,127206,206,2026-02-25,2026-03-25,28,Completed,9000.0
474,Philly Bikes,127224,224,2026-02-25,2026-04-08,42,Completed,3040.0
473,Philly Bikes,127236,236,2026-02-25,2026-03-25,28,Completed,9000.0
472,Philly Bikes,127235,235,2026-02-25,2026-03-25,28,Completed,9000.0
471,Philly Bikes,127207,207,2026-02-25,2026-03-25,28,Completed,9000.0
470,The Bike Zone 242,1003998,242,2026-02-25,2026-03-04,7,Completed,12000.0
469,Philly Bikes,127254,254,2026-02-25,2026-04-08,42,Completed,3040.0
468,Philly Bikes,127252,252,2026-02-25,2026-03-25,28,Completed,9000.0
467,Philly Bikes,127223,223,2026-02-25,2026-03-25,28,Completed,9000.0
466,The Bike Zone 224,1003761,224,2026-02-25,2026-03-11,14,Completed,6400.0
465,Philly Bikes,127225,225,2026-02-25,2026-03-25,28,Completed,9000.0
464,The Bike Zone 254,1003764,254,2026-02-25,2026-03-11,14,Completed,6400.0
463,Philly Bikes,127215,215,2026-02-25,2026-03-25,28,Completed,9000.0
462,The Bike Zone 242,1003998,242,2026-02-25,2026-03-04,7,Completed,12000.0
461,The Bike Zone 209,1003760,209,2026-02-25,2026-03-03,6,Completed,12000.0
460,The Bike Zone 242,1003998,242,2026-02-25,2026-02-25,0,Open,12000.0
459,Philly Bikes,127224,224,2026-02-25,2026-03-25,28,Completed,9000.0
458,Philly Bikes,127246,246,2026-02-25,2026-03-25,28,Completed,9000.0
457,Philly Bikes,127207,207,2026-02-25,2026-03-04,7,Completed,12000.0
456,The Bike Zone 235,1003878,235,2026-02-25,2026-03-04,7,Completed,12000.0
455,Philly Bikes,127000,246,2026-02-25,2026-03-25,28,Completed,9000.0
454,The Bike Zone 235,1003878,235,2026-02-25,2026-02-25,0,Open,12000.0
453,THE BIKE ZONE 211,1003879,211,2026-02-25,2026-03-04,7,Completed,12000.0
452,The Bike Zone 234,1003740,234,2026-02-25,2026-03-04,7,Completed,12000.0
451,the bike zone 223,1003778,223,2026-02-25,2026-03-04,7,Completed,6400.0
450,The Bike Zone 242,1003998,242,2026-02-25,2026-03-24,27,Open,21400.0
449,The Bike Zone 236,1003889,236,2026-02-25,2026-03-04,7,Completed,12000.0
448,The Bike Zone 238,1003769,238,2026-02-25,2026-03-04,7,Completed,12000.0
447,Philly Bikes,127254,254,2026-02-25,2026-03-25,28,Completed,9000.0
446,The Bike Zone 234,1003740,234,2026-02-25,2026-03-04,7,Open,12000.0
445,The Bike Zone 252,1003868,252,2026-02-25,2026-03-02,5,Completed,12000.0
444,The Bike Zone 249,1003911,249,2026-02-25,2026-03-04,7,Completed,9000.0
443,The Bike Zone 238,1003769,238,2026-02-25,2026-02-25,0,Not Relevant,0.0
442,Philly Bikes,127253,253,2026-02-25,2026-04-08,42,Completed,3040.0
441,The Bike Zone 247,1003750,247-1,2026-02-25,2026-03-04,7,Completed,12000.0
440,The Bike Zone 402,1003607,402,2026-02-25,2026-03-04,7,Completed,12000.0
439,The Bike Zone 388,1003579,388,2026-02-25,2026-03-04,7,Completed,12000.0
438,The Bike Zone 388,1003579,388,2026-02-25,2026-03-04,7,Completed,12000.0
437,The Bike Zone 388,1003579,388,2026-02-25,2026-03-04,7,Completed,12000.0
436,The Bike Zone 404,1003834,404,2026-02-24,2026-03-24,28,Open,9000.0
435,Philly Bikes,127380,380,2026-02-24,2026-04-07,42,In Process,6080.0
434,The Bike Zone 380,1003857,380,2026-02-24,2026-03-24,28,Open,9000.0
433,The Bike Zone 395,1003851,395,2026-02-24,2026-03-24,28,In Process,9000.0
432,The Bike Zone 388,1003579,388,2026-02-24,2026-03-24,28,Completed,9000.0
431,The Bike Zone 352,1003837,352,2026-02-24,2026-02-24,0,In Process,21400.0
430,The Bike Zone 355,1003832,355,2026-02-24,2026-03-24,28,Completed,9120.0
429,Philly Bikes,127390,390,2026-02-24,2026-04-07,42,In Process,6080.0
428,Philly Bikes,127355,355,2026-02-24,2026-04-07,42,Completed,6080.0
427,The Bike Zone 395,1003851,395,2026-02-24,2026-03-24,28,In Process,9000.0
426,Philly Bikes,127404,404,2026-02-24,2026-04-07,42,Completed,6080.0
425,Philly Bikes,127409,409,2026-02-24,2026-04-07,42,In Process,6080.0
424,Philly Bikes,127380,127380,2026-02-24,2026-02-24,0,Not Relevant,0.0
423,Philly Bikes,127388,388,2026-02-24,2026-04-07,42,In Process,6080.0
422,The Bike Zone 400,1003626,400,2026-02-24,2026-03-26,30,Completed,9000.0
421,The Bike Zone 401,1003844,401,2026-02-24,2026-03-24,28,Completed,9000.0
420,Philly Bikes,127395,395,2026-02-24,2026-04-07,42,In Process,6080.0
419,Philly Bikes,127380,Philly Bikes,2026-02-24,2026-02-24,0,Not Relevant,0.0
418,Philly Bikes,127355,355,2026-02-24,2026-04-07,42,Completed,6080.0
417,Philly Bikes,127388,388,2026-02-24,2026-04-07,42,Open,6400.0
416,Philly Bikes,127352,352,2026-02-24,2026-04-07,42,In Process,6080.0
415,Philly Bikes,127352,352,2026-02-24,2026-04-07,42,Not Relevant,0.0
414,Philly Bikes,127379,379,2026-02-24,2026-04-07,42,Completed,6080.0
413,Philly Bikes,127379,379,2026-02-24,2026-02-24,0,Completed,9120.0
412,The Bike Zone 397,1003821,397,2026-02-24,2026-03-24,28,Completed,9000.0
411,Philly Bikes,127379,379,2026-02-24,2026-04-07,42,Open,6400.0
410,Philly Bikes,127395,395,2026-02-24,2026-04-07,42,Completed,6080.0
409,Philly Bikes,127419,419,2026-02-24,2026-04-07,42,Open,6080.0
408,Philly Bikes,127401,401,2026-02-24,2026-04-07,42,Completed,6080.0
407,The Bike Zone 408,1003803,408,2026-02-24,2026-03-03,7,Completed,12000.0
406,The Bike Zone 410,1003838,410,2026-02-24,2026-03-24,28,Completed,9000.0
405,The Bike Zone 379,1003849,379,2026-02-24,2026-03-24,28,Completed,9000.0
404,Philly Bikes,127397,397,2026-02-24,2026-04-07,42,Completed,6080.0
403,Philly Bikes,127397,397,2026-02-24,2026-04-07,42,Open,5700.0
402,Philly Bikes,127397,397,2026-02-24,2026-04-07,42,Open,5700.0
401,The Bike Zone 360,1003814,360,2026-02-24,2026-03-24,28,Completed,9000.0
400,The Bike Zone 379,1003849,379,2026-02-24,2026-02-24,0,Completed,9000.0
399,Philly Bikes,127400,400,2026-02-24,2026-04-07,42,Completed,6080.0
398,The Bike Zone 386,1003842,386,2026-02-24,2026-03-24,28,Open,9600.0
397,Philly Bikes,127410,410,2026-02-24,2026-04-07,42,Completed,6080.0
396,Philly Bikes,127386,386,2026-02-24,2026-04-07,42,In Process,6080.0
395,The Bike Zone 408,1003803,408,2026-02-24,2026-03-24,28,Completed,9000.0
394,Philly Bikes,127399,399,2026-02-24,2026-03-24,28,Completed,9000.0
393,The Bike Zone 369,1003796,369,2026-02-24,2026-03-24,28,Completed,9000.0
392,The Bike Zone 381,1003825,381,2026-02-24,2026-03-24,28,Completed,9000.0
391,The Bike Zone 359,1003847,359,2026-02-24,2026-03-24,28,Completed,9000.0
390,Philly Bikes,127399,399,2026-02-24,2026-04-07,42,Completed,6080.0
389,The Bike Zone 384,1003629,384,2026-02-24,2026-03-24,28,In Process,9000.0
388,Philly Bikes,127369,369,2026-02-24,2026-04-07,42,Completed,6080.0
387,Philly Bikes,127359,359,2026-02-24,2026-04-07,42,Completed,6080.0
386,The Bike Zone 374,1003816,TBZ-PO1,2026-02-24,2026-03-24,28,Completed,6000.0
385,The Bike Zone 248,1003745,248,2026-02-24,2026-03-03,7,Completed,12000.0
384,Philly Bikes,127384,384,2026-02-24,2026-04-07,42,Completed,6080.0
383,Philly Bikes,127384,384,2026-02-24,2026-04-07,42,Open,5700.0
382,The Bike Zone 242,1003998,3,2026-02-24,2026-03-03,7,Open,12000.0
381,The Bike Zone 242,1003998,242,2026-02-24,2026-03-03,7,Completed,12000.0
380,Philly Bikes,127381,381,2026-02-24,2026-04-07,42,Completed,6080.0
379,Philly Bikes,127419,419,2026-02-24,2026-04-07,42,Completed,6080.0
378,Philly Bikes,127360,360,2026-02-24,2026-04-07,42,Completed,6080.0
377,The Bike Zone 378,1003546,378,2026-02-24,2026-03-03,7,Completed,12800.0
376,The Bike Zone 371,1003731,371,2026-02-24,2026-03-24,28,Completed,4200.0
375,The Bike Zone 378,1003546,378,2026-02-24,2026-03-03,7,Completed,12000.0
374,Philly Bikes,127389,389,2026-02-24,2026-04-07,42,Completed,6080.0
373,The Bike Zone 364,1003808,364,2026-02-24,2026-03-24,28,Completed,9000.0
372,The Bike Zone 392,1003824,392,2026-02-24,2026-03-03,7,Completed,12000.0
371,Philly Bikes,127364,364,2026-02-24,2026-04-07,42,Open,6080.0
370,The Bike Zone 253,1003900,253,2026-02-24,2026-03-10,14,Completed,6400.0
369,Philly Bikes,127419,419,2026-02-24,2026-04-07,42,Open,6080.0
368,Philly Bikes,127419,419,2026-02-24,2026-04-07,42,Open,6080.0
367,The Bike Zone 392,1003824,392,2026-02-24,2026-03-24,28,Completed,9000.0
366,Philly Bikes,127394,394,2026-02-24,2026-04-07,42,Completed,6405.0
365,Philly Bikes,127394,394,2026-02-24,2026-02-24,0,Not Relevant,0.0
364,Philly Bikes,127377,377,2026-02-24,2026-04-07,42,Completed,6080.0
363,Philly Bikes,127377,377,2026-02-24,2026-04-07,42,Open,6400.0
362,Philly Bikes,127377,377,2026-02-24,2026-04-07,42,Open,6400.0
361,The Bike Zone 377,1003810,377,2026-02-24,2026-03-24,28,Completed,9000.0
360,Philly Bikes,127408,408,2026-02-23,2026-04-07,43,Completed,6080.0
359,The Bike Zone 387,1003855,387,2026-02-23,2026-03-23,28,Completed,9000.0
358,The Bike Zone 402,1003607,402,2026-02-23,2026-03-23,28,Completed,9000.0
357,Philly Bikes,127387,387,2026-02-23,2026-04-02,38,Completed,5700.0
356,Philly Bikes,127402,402,2026-02-23,2026-04-06,42,Completed,6080.0
355,The Bike Zone 376,1003979,376,2026-02-23,2026-03-23,28,Completed,20092.5
354,Philly Bikes,127400,400,2026-02-23,2026-04-07,43,Completed,6080.0
353,Philly Bikes,127400,400,2026-02-23,2026-04-07,43,Completed,6080.0
352,Philly Bikes,127406,406,2026-02-23,2026-04-06,42,Completed,6080.0
351,Philly Bikes,127450,450,2026-02-23,2026-04-01,37,Open,3040.0
350,Philly Bikes,127406,406,2026-02-23,2026-04-06,42,Open,6080.0
349,The Bike Zone 253,1003900,253,2026-02-23,2026-03-02,7,Completed,12000.0
348,The Bike Zone 215,1003765,215,2026-02-23,2026-03-02,7,Completed,12000.0
347,The Bike Zone 225,1003773,225,2026-02-23,2026-03-02,7,Completed,12000.0
346,The Bike Zone 206,1003861,206,2026-02-23,2026-03-02,7,Completed,12000.0
345,the bike zone 223,1003778,223,2026-02-23,2026-03-02,7,Completed,12000.0
344,The Bike Zone 224,1003761,224,2026-02-23,2026-03-02,7,Completed,12000.0
343,The Bike Zone 255,1003869,255,2026-02-23,2026-03-02,7,Completed,12000.0
342,Philly Bikes,127253,253,2026-02-23,2026-03-23,28,Completed,9000.0
341,The Bike Zone 246,1003737,246,2026-02-23,2026-03-23,28,Completed,12000.0
340,The Bike Zone 254,1003764,254,2026-02-23,2026-03-02,7,Completed,12000.0
339,Philly Bikes,127001,001,2026-02-23,2026-03-02,7,Completed,3000.0
338,The Bike Zone 229,1003733,229,2026-02-23,2026-03-02,7,Completed,12000.0
337,Philly Bikes,127371,371,2026-02-23,2026-04-06,42,Completed,6080.0
336,The Bike Zone 385,1003725,385,2026-02-22,2026-03-22,28,Completed,9000.0
335,The Bike Zone 385,1003725,385,2026-02-22,2026-03-22,28,Open,9000.0
334,The Bike Zone 365,1003683,365,2026-02-22,2026-03-22,28,Completed,9000.0
333,Philly Bikes,127365,365,2026-02-22,2026-04-05,42,Completed,6080.0
332,Philly Bikes,127385,385,2026-02-22,2026-04-05,42,Open,6080.0
331,The Bike Zone 382,1003720,382,2026-02-22,2026-03-01,7,Completed,12000.0
330,Philly Bikes,127375,375,2026-02-21,2026-04-04,42,Completed,3040.0
329,The Bike Zone 402,1003607,402,2026-02-21,2026-03-21,28,Completed,9000.0
328,Philly Bikes,127375,375,2026-02-21,2026-04-04,42,Open,3040.0
327,The Bike Zone 204,1003933,204,2026-02-21,2026-03-20,27,Completed,20092.5
326,The Bike Zone,1003227,229,2026-02-21,2026-02-28,7,Completed,12000.0
325,Philly Bikes,127208,208,2026-02-21,2026-04-04,42,Completed,3040.0
324,The Bike Zone 229,1003733,229,2026-02-21,2026-02-21,0,Completed,12000.0
323,The Bike Zone 382,1003720,382,2026-02-21,2026-03-21,28,Completed,9000.0
322,Philly Bikes,127402,402,2026-02-21,2026-04-04,42,Completed,6080.0
321,The Bike Zone 208,1003674,208,2026-02-21,2026-03-07,14,Completed,6400.0
320,Philly Bikes,127382,382,2026-02-21,2026-04-04,42,Open,3040.0
319,Philly Bikes,127382,382,2026-02-21,2026-04-04,42,Open,3040.0
318,Philly Bikes,127382,382,2026-02-21,2026-04-04,42,Open,3040.0
317,Philly Bikes,127208,208,2026-02-21,2026-03-21,28,Completed,9000.0
316,The Bike Zone 222,1003964,222,2026-02-20,2026-03-20,28,Completed,20092.5
315,The Bike Zone 214,1003880,214,2026-02-20,2026-03-20,28,Open,19712.5
314,The Bike Zone 210,1003758,210,2026-02-20,2026-03-20,28,Completed,20412.5
313,The Bike Zone 217,1003926,217,2026-02-20,2026-03-20,28,Open,20092.5
312,The Bike Zone 213,1003934,213,2026-02-20,2026-03-20,28,Completed,20092.5
311,The Bike Zone 244,1003791,244,2026-02-20,2026-03-18,26,Open,20092.5
310,The Bike Zone 207,1003954,207,2026-02-20,2026-03-20,28,Completed,19855.0
309,The Bike Zone 230,1003953,230,2026-02-20,2026-03-20,28,Completed,20092.5
308,The Bike Zone 353,1003648,353,2026-02-20,2026-03-20,28,Completed,9000.0
307,The Bike Zone 228,1003947,228,2026-02-20,2026-03-20,28,Completed,20092.5
306,The Bike Zone 252,1003868,252,2026-02-20,2026-02-20,0,Completed,20092.5
305,The Bike Zone 245,1003948,245,2026-02-20,2026-03-20,28,Completed,20092.5
304,The Bike Zone 209,1003760,209,2026-02-20,2026-03-20,28,Open,20092.5
303,The Bike Zone 256,1003757,256,2026-02-20,2026-03-20,28,Completed,20092.5
302,The bike Zone #219,1003943,219,2026-02-20,2026-03-20,28,Completed,20092.5
301,Philly Bikes,127392,392,2026-02-20,2026-04-03,42,Completed,6080.0
300,The Bike Zone 372,1003884,372,2026-02-20,2026-02-20,0,Completed,9000.0
299,The Bike Zone 243,1003938,243,2026-02-20,2026-03-20,28,Completed,20092.5
298,The Bike Zone 253,1003900,253,2026-02-20,2026-03-20,28,Completed,20092.5
297,The Bike Zone 216,1003918,216,2026-02-20,2026-03-20,28,Completed,20092.5
296,THE BIKE ZONE 211,1003879,211,2026-02-20,2026-03-20,28,Completed,19855.0
295,The Bike Zone 220,1003923,220,2026-02-20,2026-02-20,0,Not Relevant,0.0
294,The Bike Zone 220,1003923,237,2026-02-20,2026-02-20,0,Open,21150.0
293,The Bike Zone 241,1003921,241,2026-02-20,2026-03-20,28,Completed,20092.5
292,The Bike Zone 227,1003919,227,2026-02-20,2026-03-20,28,Completed,20092.5
291,Philly Bikes,127402,402,2026-02-20,2026-03-03,11,Completed,6400.0
290,The Bike Zone 208,1003674,208,2026-02-20,2026-02-27,7,Completed,12000.0
289,The  Bike Zone 259,1003784,259,2026-02-20,2026-03-20,28,Completed,20092.5
288,The Bike Zone 212,1003881,212,2026-02-20,2026-03-20,28,Completed,20092.5
287,The Bike Zone 208,1003674,208,2026-02-20,2026-02-27,7,Open,12000.0
286,The Bike Zone 235,1003878,235,2026-02-20,2026-03-19,27,Completed,20092.5
285,The Bike Zone 208,1003674,*208,2026-02-20,2026-02-27,7,Open,12000.0
284,The Bike Zone 208,1003674,*208,2026-02-20,2026-02-27,7,Open,12000.0
283,The Bike Zone 208,1003674,208,2026-02-20,2026-02-27,7,Open,12000.0
282,The Bike Zone 208,1003674,*208*,2026-02-20,2026-02-27,7,Open,12000.0
281,The Bike Zone 208,1003674,1003674,2026-02-20,2026-02-27,7,Open,12000.0
280,The Bike Zone 208,1003674,Deluxe Touring Bike,2026-02-20,2026-02-27,7,Open,12000.0
279,The Bike Zone 255,1003869,255,2026-02-20,2026-03-18,26,Completed,20092.5
278,Philly Bikes,127372,372,2026-02-20,2026-04-03,42,Completed,3040.0
277,The Bike Zone 373,1003915,362,2026-02-20,2026-03-20,28,Open,9000.0
276,The Bike Zone 251,1003914,251,2026-02-20,2026-03-20,28,Completed,20092.5
275,The Bike Zone 373,1003915,373,2026-02-20,2026-03-20,28,Completed,9000.0
274,Philly Bikes,127362,362,2026-02-20,2026-04-03,42,Open,6080.0
273,Philly Bikes,127362,362,2026-02-20,2026-04-03,42,Open,6080.0
272,Philly Bikes,127362,362,2026-02-20,2026-04-03,42,Open,6080.0
271,Philly Bikes,127373,373,2026-02-20,2026-04-03,42,Completed,5700.0
270,The Bike Zone 249,1003911,249,2026-02-19,2026-03-19,28,Completed,20092.5
269,The Bike Zone 390,1003894,390,2026-02-19,2026-03-19,28,Completed,20092.5
268,The Bike Zone 233,1003905,233,2026-02-19,2026-03-19,28,Completed,20092.5
267,The Bike Zone 205,1003903,205,2026-02-19,2026-03-19,28,Completed,20092.5
266,The Bike Zone 253,1003900,253,2026-02-19,2026-03-19,28,Open,20092.5
265,The Bike Zone 398,1003806,398,2026-02-19,2026-03-19,28,Completed,9000.0
264,Philly Bikes,127419,419,2026-02-19,2026-03-19,28,Open,15000.0
263,Philly Bikes,127419,419,2026-02-19,2026-03-19,28,Open,3000.0
262,The Bike Zone 258,1003774,258,2026-02-19,2026-03-19,28,Completed,20092.5
261,Philly Bikes,127378,378,2026-02-19,2026-03-19,28,Completed,9000.0
260,Philly Bikes,127398,398,2026-02-19,2026-04-02,42,Completed,6080.0
259,Philly Bikes,127373,373,2026-02-19,2026-04-02,42,Completed,5700.0
258,Philly Bikes,127373,373,2026-02-19,2026-04-02,42,Completed,5700.0
257,The Bike Zone 224,1003761,232,2026-02-19,2026-02-19,0,Not Relevant,0.0
256,Philly Bikes,127378,378,2026-02-19,2026-03-26,35,Completed,6080.0
255,the bike zone 223,1003778,223,2026-02-19,2026-02-18,-1,Completed,20092.5
254,The Bike Zone 354,1003835,354,2026-02-18,2026-03-17,27,Completed,20092.5
253,Philly Bikes,127365,365,2026-02-18,2026-04-01,42,Open,20092.5
252,The Bike Zone 236,1003889,235,2026-02-18,2026-03-18,28,Completed,20092.5
251,Philly Bikes,127407,407,2026-02-18,2026-02-18,0,Completed,6080.0
250,The Bike Zone 247,1003750,247,2026-02-18,2026-03-18,28,Completed,20092.5
249,The Bike Zone 406,1003853,406,2026-02-18,2026-03-18,28,Completed,20092.5
248,The Bike Zone 372,1003884,372,2026-02-18,2026-03-18,28,Completed,20092.5
247,The Bike Zone 351,1003616,351,2026-02-18,2026-03-18,28,Completed,9000.0
246,The Bike Zone 224,1003761,224,2026-02-18,2026-03-16,26,Completed,20092.5
245,The Bike Zone 238,1003769,238,2026-02-18,2026-03-18,28,Completed,20092.5
244,The Bike Zone 225,1003773,225,2026-02-18,2026-03-16,26,Completed,20092.5
243,The Bike Zone 206,1003861,206,2026-02-18,2026-03-18,28,Completed,20092.5
242,The Bike Zone 254,1003764,254,2026-02-18,2026-03-18,28,Completed,20092.5
241,The Bike Zone 234,1003740,234,2026-02-18,2026-03-16,26,Completed,20092.5
240,The Bike Zone 246,1003737,246,2026-02-18,2026-03-18,28,Completed,20092.5
239,Philly Bikes,127351,351,2026-02-18,2026-04-01,42,Completed,3040.0
238,The Bike Zone 396,1003858,396,2026-02-17,2026-03-17,28,Open,20092.5
237,The Bike Zone 375,1003659,375,2026-02-17,2026-03-16,27,Completed,20092.5
236,The Bike Zone 387,1003855,387,2026-02-17,2026-03-17,28,Completed,20092.5
235,The Bike Zone 380,1003857,380,2026-02-17,2026-03-17,28,Completed,20092.5
234,The Bike Zone 359,1003847,359,2026-02-17,2026-03-17,28,Completed,20092.5
233,The Bike Zone 395,1003851,395,2026-02-17,2026-03-17,28,Completed,20092.5
232,The Bike Zone 379,1003849,379,2026-02-17,2026-03-17,28,Completed,21150.0
231,The Bike Zone 401,1003844,401,2026-02-17,2026-03-17,28,Completed,20092.5
230,The Bike Zone 404,1003834,404,2026-02-17,2026-03-17,28,Completed,20092.5
229,The Bike Zone 386,1003842,386,2026-02-17,2026-03-17,28,Completed,20092.5
228,The Bike Zone 410,1003838,410,2026-02-17,2026-03-17,28,Completed,21150.0
227,The Bike Zone 352,1003837,352,2026-02-17,2026-03-17,28,Completed,20092.5
226,The Bike Zone 355,1003832,355,2026-02-17,2026-03-17,28,Completed,20092.5
225,The Bike Zone 360,1003814,360,2026-02-17,2026-03-17,28,Completed,20092.5
224,The Bike Zone 403,1003827,403,2026-02-17,2026-03-17,28,Completed,20092.5
223,The Bike Zone 393,1003712,393,2026-02-17,2026-03-17,28,Completed,9000.0
222,The Bike Zone 248,1003745,381,2026-02-17,2026-03-17,28,Completed,20092.5
221,The Bike Zone 248,1003745,248,2026-02-17,2026-03-17,28,Completed,20092.5
220,The Bike Zone 397,1003821,397,2026-02-17,2026-03-17,28,Completed,20092.5
219,The Bike Zone 392,1003824,392,2026-02-17,2026-03-17,28,Completed,20092.5
218,The Bike Zone 377,1003810,377,2026-02-17,2026-03-17,28,Completed,20092.5
217,The Bike Zone 229,1003733,229,2026-02-17,2026-03-17,28,Completed,20092.5
216,The Bike Zone 374,1003816,374,2026-02-17,2026-02-17,0,Not Relevant,0.0
215,The Bike Zone 409,1003632,409,2026-02-17,2026-03-17,28,Completed,20092.5
214,The Bike Zone 398,1003806,398,2026-02-17,2026-03-17,28,Completed,20092.5
213,The Bike Zone 364,1003808,364,2026-02-17,2026-03-17,28,Completed,20092.5
212,The Bike Zone 371,1003731,371,2026-02-17,2026-03-16,27,Completed,20092.5
211,The bike zone 358,1003800,358,2026-02-17,2026-03-16,27,Completed,20092.5
210,The Bike Zone 400,1003626,400,2026-02-16,2026-03-16,28,Completed,20092.5
209,The Bike Zone 408,1003803,408,2026-02-16,2026-03-16,28,Completed,20092.5
208,The Bike Zone 369,1003796,369,2026-02-16,2026-03-16,28,Completed,20092.5
207,The Bike Zone 412,1003793,412,2026-02-16,2026-03-16,28,Completed,20092.5
206,The Bike Zone 399,1003789,399,2026-02-16,2026-03-16,28,Completed,20092.5
205,The Bike Zone 215,1003765,215,2026-02-16,2026-03-16,28,Completed,20092.5
204,The Bike Zone 240,1003744,240,2026-02-16,2026-03-16,28,Completed,20092.5
203,The Bike Zone 362,1003785,362,2026-02-16,2026-03-16,28,Completed,20092.5
202,The Bike Zone 203,1003766,203,2026-02-16,2026-03-16,28,Completed,20092.5
201,The Bike Zone 383,1003734,383,2026-02-16,2026-03-16,28,Completed,20092.5
200,Philly Bikes,127353,353,2026-02-16,2026-03-30,42,Completed,3040.0
199,Philly Bikes,127353,353,2026-02-16,2026-03-30,42,Open,2888.0
198,The Bike Zone 385,1003725,385,2026-02-15,2026-03-15,28,Completed,20092.5
197,The Bike Zone 351,1003616,351,2026-02-15,2026-03-11,24,Completed,20092.5
196,The Bike Zone 382,1003720,382,2026-02-15,2026-03-15,28,Completed,20092.5
195,The Bike Zone 373,1003644,373,2026-02-15,2026-03-15,28,Completed,20092.5
194,Philly Bikes,127393,393,2026-02-14,2026-03-28,42,Completed,6080.0
193,The Bike Zone 393,1003712,393,2026-02-14,2026-03-14,28,Completed,20092.5
192,Philly Bikes,127358,358,2026-02-13,2026-03-20,35,Open,3040.0
191,The Bike Zone 365,1003683,365,2026-02-13,2026-03-13,28,Completed,20092.5
190,Philly Bikes,127358,358,2026-02-13,2026-03-27,42,Completed,3040.0
189,The Bike Zone 208,1003674,208,2026-02-13,2026-03-13,28,Completed,19087.87
188,The Bike Zone 378,1003546,378,2026-02-13,2026-02-12,-1,Completed,20092.5
187,The Bike Zone 357,1003624,357,2026-02-13,2026-03-13,28,Completed,20092.5
186,THE BIKE ZONE 089,1003649,089,2026-02-12,2026-03-12,28,Completed,20092.5
185,The Bike Zone 353,1003648,353,2026-02-12,2026-03-12,28,Completed,20092.5
184,The Bike Zone 357,1003624,357,2026-02-12,2026-03-12,28,Completed,20092.5
183,The Bike Zone 384,1003629,384,2026-02-12,2026-03-12,28,Completed,20092.5
182,The Bike Zone 368,1003357,368,2026-02-11,2026-03-11,28,Completed,9000.0
181,The Bike Zone 402,1003607,402,2026-02-11,2026-03-11,28,Open,20092.5
180,The Bike Zone 123,1003064,358,2026-02-11,2026-02-08,-3,Open,20092.5
179,The Bike Zone 388,1003579,,2026-02-10,2026-03-10,28,Completed,20092.5
178,Philly Bikes,127000,368,2026-02-09,2026-03-23,42,Completed,6080.0
177,The Bike Zone 035,1003436,035,2026-02-08,2026-03-07,27,Completed,20092.5
176,The Bike Zone 437,1003510,437,2026-02-08,2026-03-08,28,Completed,20092.5
175,The Bike Zone 160,1003468,160,2026-02-08,2026-03-08,28,Completed,20092.5
174,The Bike Zone 123,1003064,020,2026-02-08,2026-02-08,0,Completed,20092.5
173,The Bike Zone 123,1003064,,2026-02-08,2026-02-08,0,Open,20092.5
172,The Bike Zone 502,1003518,502,2026-02-07,2026-03-07,28,Completed,20092.5
171,The Bike Zone 136,1003480,136,2026-02-07,2026-03-06,27,Completed,20092.5
170,The Bike Zone 164,1003496,164,2026-02-07,2026-03-07,28,Completed,20092.5
169,The Bike Zone 113,1003502,113,2026-02-07,2026-03-06,27,Completed,20092.5
168,The Bike Zone 072,1003465,072,2026-02-07,2026-03-06,27,Completed,20092.5
167,The Bike Zone 069,1003497,069,2026-02-06,2026-03-06,28,Completed,20092.5
166,The Bike Zone 093,1003474,093,2026-02-06,2026-03-06,28,Completed,20092.5
165,The Bike Zone 140,1003498,140,2026-02-06,2026-02-06,0,Completed,21400.0
164,The Bike Zone 062,1003475,062,2026-02-06,2026-03-06,28,Completed,20092.5
163,The Bike Zone 045,1003490,045,2026-02-06,2026-03-06,28,Completed,20092.5
162,The Bike Zone 051,1003473,051,2026-02-06,2026-03-06,28,Completed,20092.5
161,The Bike Zone 049,1003463,049,2026-02-06,2026-03-06,28,Completed,20092.5
160,The Bike Zone 096,1003469,096,2026-02-06,2026-03-06,28,Completed,20092.5
159,The Bike Zone 068,1003452,068,2026-02-06,2026-03-06,28,Completed,20092.5
158,Bicycle 037,1003461,037,2026-02-06,2026-03-06,28,Completed,20092.5
157,The Bank Zone 059,1003460,059,2026-02-06,2026-03-06,28,Completed,20092.5
156,The Bike Zone 102,1003384,102,2026-02-06,2026-03-06,28,Completed,20412.5
155,The Bike Zone 083,1003441,083,2026-02-06,2026-02-06,0,Not Relevant,0.0
154,The Bike Zone 086,1003458,086,2026-02-06,2026-03-06,28,Completed,20092.5
153,The Bike Zone 083,1003441,083,2026-02-06,2026-03-06,28,Completed,20092.5
152,The Bike Zone 076,1003394,076,2026-02-06,2026-03-06,28,Completed,20092.5
151,The Bike Zone 090,1003455,090,2026-02-06,2026-03-06,28,Completed,20092.5
150,The Bike Zone 157,1003449,157,2026-02-06,2026-03-06,28,Completed,20092.5
149,The Bike Zone 148,1003358,148,2026-02-06,2026-02-06,0,Not Relevant,0.0
148,The Bike Zone 018,1003160,018,2026-02-06,2026-03-05,27,Completed,20092.5
147,The Bike Zone 073,1003363,073,2026-02-06,2026-02-07,1,Not Relevant,0.0
146,The Bike Zone 124,1003439,124,2026-02-06,2026-03-06,28,Completed,20092.5
145,The Bike Zone 041,1003450,041,2026-02-06,2026-03-06,28,Completed,20092.5
144,The Bike Zone 070,1003442,070,2026-02-06,2026-03-06,28,Completed,20092.5
143,The Bike ZONE 501,1003343,071,2026-02-06,2026-03-06,28,Open,21150.0
142,The Bike Zone 134,1003435,134,2026-02-06,2026-03-06,28,Completed,20092.5
141,The Bike Zone 102,1003384,102,2026-02-06,2026-03-05,27,Completed,20092.5
140,The Bike Zone 436,1003444,436,2026-02-06,2026-03-06,28,Completed,20092.5
139,The Bike Zone 128,1003415,128,2026-02-06,2026-03-06,28,Completed,21150.0
138,The Bike Zone 073,1003363,073,2026-02-06,2026-02-06,0,Not Relevant,0.0
137,The Bike Zone 073,1003363,073,2026-02-06,2026-02-06,0,Not Relevant,0.0
136,The Bike Zone 073,1003363,073,2026-02-06,2026-02-06,0,Completed,12400.0
135,The Bike Zone 015,1003372,990,2026-02-06,2026-03-05,27,Completed,20092.5
134,The Bike Zone 145,1003414,145,2026-02-06,2026-03-06,28,Completed,20092.5
133,The Bike Zone 368,1003357,368,2026-02-06,2026-03-06,28,Completed,20092.5
132,The Bike Zone 143,1003422,143,2026-02-06,2026-03-06,28,Completed,20092.5
131,The Bike Zone 161,1003347,161,2026-02-06,2026-03-06,28,Completed,20092.5
130,The Bike Zone 040,1003159,040,2026-02-06,2026-03-06,28,Completed,20092.5
129,The Bike Zone 163,1003412,163,2026-02-06,2026-03-06,28,Completed,17052.5
128,The Bike Zone 097,1003418,097,2026-02-06,2026-03-06,28,Completed,20092.5
127,The Bike Zone 147,1003339,147,2026-02-06,2026-03-05,27,Completed,20092.5
126,The Bike Zone 102,1003384,102,2026-02-06,2026-02-06,0,Not Relevant,0.0
125,The Bike Zone 118,1003410,118,2026-02-06,2026-03-06,28,In Process,20092.5
124,The Bike Zone 102,1003384,102,2026-02-06,2026-03-05,27,Completed,20092.5
123,The Bike Zone 061,1003299,061,2026-02-06,2026-03-06,28,Completed,20092.5
122,The Bike Zone 150,1003327,150,2026-02-06,2026-03-06,28,Completed,20092.5
121,The Bike Zone 053,1003401,053,2026-02-06,2026-03-06,28,Completed,20092.5
120,The Bike Zone 167,1003399,167,2026-02-06,2026-03-06,28,Completed,20092.5
119,The Bike Zone 033,1003306,033,2026-02-06,2026-03-06,28,Completed,20092.5
118,The Bike Zone 133,1003332,133,2026-02-06,2026-03-05,27,Completed,20092.5
117,The Bike Zone 088,1003218,088,2026-02-06,2026-03-06,28,Completed,20377.5
116,The Bike Zone 106,1003395,106,2026-02-06,2026-03-06,28,Completed,20092.5
115,The Bike Zone 165,1003387,165,2026-02-06,2026-03-05,27,Completed,20092.5
113,The Bike Zone 078,1003382,078,2026-02-06,2026-03-06,28,Completed,20092.5
114,The Bike Zone 506 .,1003246,506,2026-02-05,2026-03-05,28,Completed,20092.5
112,The Bike Zone 162,1003391,162,2026-02-05,2026-03-05,28,Completed,20092.5
111,The Bike zone 111,1003379,111,2026-02-05,2026-03-05,28,Completed,20092.5
110,The Bike Zone 048,1003319,048,2026-02-05,2026-03-05,28,Completed,20092.5
109,The Bike Zone 158,1003077,158,2026-02-05,2026-03-05,28,Completed,21150.0
108,The Bike Zone 142,1003316,142,2026-02-05,2026-03-05,28,Completed,20092.5
107,The Bike Zone 087,1003268,087,2026-02-05,2026-03-05,28,Completed,20092.5
106,The Bike Zone 047,1003374,047,2026-02-05,2026-03-05,28,Completed,20092.5
105,The Bike Zone 141,1003320,141,2026-02-05,2026-03-05,28,Completed,20412.5
104,The Bike Zone 149,1003368,149,2026-02-05,2026-03-05,28,Completed,20092.5
103,The Bike Zone 510 .,1003352,510,2026-02-05,2026-03-05,28,Completed,20412.5
102,The Bike Zone 159,1003304,159,2026-02-05,2026-03-05,28,Completed,18997.62
101,The Bike Zone 151,1003280,151,2026-02-05,2026-03-05,28,Completed,20092.5
100,The Bike Zone 014,1003365,014,2026-02-05,2026-03-05,28,Completed,20092.5
99,The Bike Zone 153,1003312,153,2026-02-05,2026-03-05,28,Completed,20092.5
98,The Bike Zone 036,1003287,036,2026-02-05,2026-03-04,27,Completed,20092.5
97,The Bike Zone 138,1003353,138,2026-02-05,2026-03-05,28,Completed,20092.5
96,The Bike Zone 131,1003286,131,2026-02-05,2026-03-04,27,Completed,20092.5
95,The Bike Zone 505,1003245,505,2026-02-05,2026-03-05,28,Completed,20092.5
94,The Bike Zone 509 .,1003248,509,2026-02-05,2026-03-03,26,Completed,20412.5
93,The Bike Zone 064,1003292,064,2026-02-05,2026-03-04,27,Completed,20092.5
92,The Bike Zone 508,1003244,508,2026-02-05,2026-03-05,28,Completed,20412.5
91,The Bike Zone 503 .,1003247,503,2026-02-05,2026-03-04,27,Completed,20092.5
90,The Bike ZONE 501,1003343,501,2026-02-05,2026-02-05,0,Completed,20412.5
89,The Bike Zone 434,1003239,434,2026-02-05,2026-03-05,28,Completed,20092.5
88,The Bike Zone 010,1003144,010,2026-02-05,2026-03-02,25,Completed,20092.5
87,The Bike Zone 114,1003336,114,2026-02-05,2026-03-05,28,Completed,20092.5
86,The Bike Zone 154,1003211,154,2026-02-05,2026-03-05,28,Completed,20092.5
85,The Bike Zone 021,1003334,021,2026-02-05,2026-03-05,28,Completed,20092.5
84,The Bike Zone 112,1003314,112,2026-02-05,2026-03-04,27,Completed,17052.5
83,The Bike Zone 027,1003324,027,2026-02-05,2026-03-05,28,Completed,20092.5
82,The Bike Zone 135,1003271,135,2026-02-05,2026-02-04,-1,Completed,20092.5
81,The Bike Zone 152,1003230,152,2026-02-04,2026-03-04,28,Completed,20092.5
80,The Bike Zone103,1003309,103,2026-02-04,2026-03-04,28,Completed,20092.5
79,The Bike Zone 101,1003260,101,2026-02-04,2026-03-04,28,Completed,20092.5
78,The Bike Zone 107,1003300,107,2026-02-04,2026-03-04,28,Completed,20092.5
77,The Bike Zone 109,1003298,109,2026-02-04,2026-03-04,28,Completed,20092.5
76,The Bike Zone 032,1003200,032,2026-02-04,2026-03-04,28,Completed,20092.5
75,The bike Zone 507,1003296,000,2026-02-04,2026-03-04,28,Completed,20092.5
74,The Bike Zone 085,1003276,085,2026-02-04,2026-03-04,28,Completed,20092.5
73,The Bike Zone 166,1003282,166,2026-02-04,2026-03-04,28,Completed,20092.5
72,The Bike Zone 039,1003274,039,2026-02-04,2026-03-04,28,Completed,20092.5
71,The Bike Zone 019,1003269,019,2026-02-04,2026-03-04,28,Completed,20330.0
70,The Bike Zone 026,1003236,026,2026-02-04,2026-03-03,27,Completed,20092.5
69,THE BIKE ZONE 108,1003216,108,2026-02-04,2026-03-02,26,Completed,20092.5
68,The Bike Zone 099,1003203,099,2026-02-04,2026-03-03,27,Completed,20092.5
67,The Bike Zone 043,1003264,043,2026-02-03,2026-03-03,28,Completed,20092.5
66,The Bike Zone 100,1003176,100,2026-02-03,2026-03-02,27,Completed,20092.5
65,The Bike Zone 063,1003233,063,2026-02-03,2026-03-03,28,Completed,20092.5
64,The Bike Zone 075,1003258,075,2026-02-03,2026-03-03,28,Completed,20092.5
63,The Bike Zone 029,1003235,029,2026-02-03,2026-03-03,28,Completed,20092.5
62,The Bike Zone 017,1003092,017,2026-02-03,2026-02-27,24,Completed,20092.5
61,The Bike Zone 046,1003254,046,2026-02-03,2026-03-03,28,Completed,20092.5
60,THE BIKE ZONE 511,1003132,511,2026-02-03,2026-03-02,27,Completed,20092.5
59,The Bike Zone 091,1003212,091,2026-02-03,2026-03-02,27,Completed,20092.5
58,The Bike Zone,1003227,137,2026-02-03,2026-03-03,28,Completed,20092.5
57,The Bike Zone 129,1003192,129,2026-02-02,2026-03-02,28,Completed,20092.5
56,The Bike Zone 025,1003207,025,2026-02-02,2026-03-02,28,Completed,20092.5
55,The Bike Zone 031,1003183,031,2026-02-02,2026-03-01,27,Completed,20092.5
54,The Bike Zone 057,1003111,057,2026-02-01,2026-02-27,26,Completed,20092.5
53,The Bike Zone 139,1003194,139,2026-02-01,2026-03-01,28,Completed,20092.5
52,The Bike Zone 007,1003185,007,2026-02-01,2026-03-01,28,Completed,20092.5
51,The Bike Zone 084,1003196,084,2026-02-01,2026-03-01,28,Completed,20140.0
50,The Bike Zone038,1003155,038,2026-02-01,2026-03-01,28,Completed,20092.5
49,The Bike Zone 044,1003107,044,2026-02-01,2026-02-26,25,Completed,20092.5
48,The Bike zone 137,1003178,137,2026-02-01,2026-03-01,28,Open,20092.5
47,The Bike Zone 009,1003187,009,2026-02-01,2026-03-01,28,Completed,20092.5
46,The Bike Zone 104,1003087,104,2026-02-01,2026-02-01,0,Not Relevant,0.0
45,The Bike Zone 104,1003087,104,2026-02-01,2026-02-01,0,Not Relevant,0.0
44,The Bike Zone 104,1003087,104,2026-02-01,2026-02-01,0,Not Relevant,0.0
43,The Bike Zone 104,1003087,104,2026-02-01,2026-02-01,0,Not Relevant,0.0
42,The Bike Zone 104,1003087,104,2026-02-01,2026-02-01,0,Not Relevant,0.0
41,The Bike Zone 104,1003087,104,2026-02-01,2026-02-01,0,Not Relevant,0.0
40,The Bike Zone 104,1003087,104,2026-02-01,2026-02-25,24,Completed,20092.5
39,The Bike Zone 126,1003180,126,2026-01-31,2026-02-28,28,Completed,20092.5
38,The Bike Zone 082,1003163,082,2026-01-31,2026-02-28,28,Completed,20092.5
37,The Bike Zone 098,1003164,098,2026-01-31,2026-02-28,28,Completed,20092.5
36,The Bike Zone 092,1003168,092,2026-01-31,2026-02-28,28,Completed,20092.5
35,The Bike Zone 122,1003167,122,2026-01-31,2026-02-28,28,Completed,20092.5
34,The Bike Zone 013,1003161,013,2026-01-31,2026-01-31,0,Completed,20092.5
33,The Bike Zone 127,1003151,127,2026-01-30,2026-03-01,30,Completed,20092.5
32,The Bike Zone 030,1003127,030,2026-01-30,2026-02-27,28,Completed,20092.5
31,The Bike Zone 016,1003124,016,2026-01-30,2026-02-28,29,Completed,20092.5
30,The Bike Zone 022,1003157,022,2026-01-30,2026-02-28,29,Completed,20092.5
29,The Bike Zone 117,1003116,117,2026-01-29,2026-02-27,29,Completed,20092.5
28,The Bike Zone 005,1003073,005,2026-01-29,2026-01-29,0,Completed,23612.5
27,The Bike Zone 132,1003121,132,2026-01-29,2026-03-01,31,Completed,20092.5
26,The Bike Zone 055,1003115,055,2026-01-29,2026-01-27,-2,Completed,20092.5
25,The Bike Zone 023,1003138,023,2026-01-29,2026-02-28,30,Completed,20092.5
24,The Bike Zone 016,1003124,016,2026-01-28,2026-01-27,-1,Open,20092.5
23,The Bike Zone 012,1003147,012,2026-01-28,2026-02-28,31,Completed,20092.5
22,The Bike Zone 052,1003117,052,2026-01-27,2026-02-27,31,Completed,20092.5
21,The Bike Zone 158,1003077,158,2026-01-27,2026-02-25,29,Completed,20412.5
20,The Bike Zone 158,1003077,044,2026-01-26,2026-02-25,30,Completed,20092.5
19,The Bike Zone 115,1003099,115,2026-01-26,2026-02-26,31,Completed,20092.5
18,The Bike Zone 056,1003096,056,2026-01-26,2026-02-26,31,Completed,20092.5
17,The Bike Zone 079,1003093,079,2026-01-26,2026-02-26,31,Completed,20092.5
16,The Bike Zone 156,1003090,156,2026-01-25,2026-02-25,31,Completed,20092.5
15,The Bike Zone 125,1003084,125,2026-01-25,2026-02-25,31,Completed,20092.5
14,The Bike Zone 144,1003082,144,2026-01-25,2026-02-25,31,Completed,20092.5
13,The Bike Zone 028,1003070,028,2026-01-25,2026-02-25,31,Completed,20092.5
12,The Bike Zone 077,1003079,077,2026-01-25,2026-02-25,31,Completed,20092.5
11,The Bike Zone 067,1003075,067,2026-01-25,2026-02-25,31,Completed,20092.5
10,THE BIKE ZONE 024,1003068,024,2026-01-24,2026-02-24,31,Completed,20092.5
9,The Bike Zone 066,1003066,066,2026-01-24,2026-02-24,31,Completed,20092.5
8,The Bike Zone 121,1003060,121,2026-01-23,2026-02-22,30,Completed,20092.5
7,The Bike Zone 123,1003064,123,2026-01-23,2026-02-23,31,Completed,20092.5
6,The Bike Zone 155,1003062,155,2026-01-23,2026-02-23,31,Completed,20092.5
5,Philly Bikes,127000,000,2026-01-20,2026-01-27,7,Completed,12200.0
4,Beantown Bikes,129000,000,2026-01-20,2026-01-27,7,Open,16000.0
3,Beantown Bikes,129997,Z997,2021-08-23,2021-09-06,14,Completed,24000.0
2,Beantown Bikes,129999,Z999,2021-08-23,2021-09-06,14,Completed,6000.0
1,Beantown Bikes,129998,Z998,2021-08-23,2021-09-06,14,Completed,15000.0
